Scenario,Mean PD,Portfolio EAD,Expected Loss,PD Uplift vs Base,EL Uplift vs Base
Base,0.30075002030369286,3271258.0,514877.5819705712,0.0,0.0
Adverse,0.4155757781392551,3440094.0,921262.0760326674,0.38179800526567864,0.7892837215921433
Severe,0.5490736611073552,3896741.0,1298798.528348147,0.8256812104381868,1.5225385097896575
